سردرد,و,سرگیجه,دارم,یک,دکتر,تو,سناباد,میخوام,,,,,,,,,,,,,,,,,,,,,,,,
B-problem,O,B-problem,O,O,O,O,B-neighborhood,O,O,O,O,O,O,O,O,O,O,O,O,O,O,O,O,O,O,,,,,,,
ارتوپد,خوب,تو,شهرک,غرب,که,زود,وقت,بده,,,,,,,,,,,,,,,,,,,,,,,,
B-expertise,B-user-score,O,B-neighborhood,I-neighborhood,O,B-first-available-appointment,O,O,O,O,O,O,O,O,O,O,O,O,O,O,O,O,O,O,O,,,,,,,
حساسیت,پوستی,دارم,رو,پشتم,دنبال,دکتر,خانم,که,کارش,خوب,باشه,میگردم,,,,,,,,,,,,,,,,,,,,
B-problem,I-problem,O,I-problem,I-problem,O,O,B-gender,O,O,B-user-score,O,O,O,O,O,O,O,O,O,O,O,O,O,O,O,,,,,,,
یه,دکتر,دندانپزشک,معرفی,کن,که,بیمه,تکمیلی,قبول,کنه,,,,,,,,,,,,,,,,,,,,,,,
O,O,B-expertise,O,O,O,O,B-insurance,O,O,O,O,O,O,O,O,O,O,O,O,O,O,O,O,O,O,,,,,,,
یه,متخصص,غدد,داخلی,معرفی,کن,که,آزمایشگاه,هم,نزدیک,مطبش,باشه,,,,,,,,,,,,,,,,,,,,,
O,O,B-expertise,I-expertise,O,O,O,O,O,O,O,O,O,O,O,O,O,O,O,O,O,O,O,O,O,O,,,,,,,
دنبال,یه,آزمایشگاه,میگردم,که,نتایج,آزمایشش,قابل,اتکا,باشه,تو,تهران,,,,,,,,,,,,,,,,,,,,,
O,O,B-expertise,O,O,O,O,B-user-score,I-user-score,O,O,B-city,O,O,O,O,O,O,O,O,O,O,O,O,O,O,,,,,,,
دنبال,یک,پرستار,خانم,میگردم,تو,مشهد,که,مراقبت,از,سالمندان,رو,بتونه,انجام,بده,,,,,,,,,,,,,,,,,,
O,O,B-expertise,B-gender,O,O,B-city,O,B-problem,O,I-problem,O,O,O,O,O,O,O,O,O,O,O,O,O,O,O,,,,,,,
یک,دکتر,قلب,تو,تهران,میخوام,از,این,دکتر,الکیا,نباشه,,,,,,,,,,,,,,,,,,,,,,
,,B-expertise,,B-city,,,,B-user-score,I-user-score,I-user-score,,,,,,,,,,O,O,O,O,O,O,,,,,,,
برای,سنگ,کلیه,پیش,چند,تا,دکتر,رفتم,جواب,نگرفتم.,دنبال,دکتر,کاربلد,میگردم.,,,,,,,,,,,,,,,,,,,
,B-problem,I-problem,,,,,,,,,,B-user-score,,,,,,,,O,O,O,O,O,O,,,,,,,
من,دل,درد,دارم,یک,دکتر,هول,و,هوش,وکیل,آباد,بهم,معرفی,کن,,,,,,,,,,,,,,,,,,,
,B-problem,I-problem,,,,,,,B-neighborhood,I-neighborhood,,,,,,,,,,O,O,O,O,O,O,,,,,,,
دلم,خیلی,درد,می,کنه,یک,دکتر,روده,تو,اهواز,می,خوام,,,,,,,,,,,,,,,,,,,,,
B-problem,I-problem,I-problem,,,,,B-expertise,,B-city,,,,,,,,,,,O,O,O,O,O,O,,,,,,,
چند,وقتیه,که,دلم,درد,میکنه,فکر,کنم,از,رودم,باشه,یک,متخصص,گوارش,خیلی,خوب,مشهد,میخوام,,,,,,,,,,,,,,,
,,,B-problem,I-problem,,,,,B-problem,,,,B-expertise,B-user-score,I-user-score,B-city,,,,O,O,O,O,O,O,,,,,,,
سرما,خوردم,یک,دکتر,عمومی,نزدیک,راه,آهن,که,زود,وقت,بده,,,,,,,,,,,,,,,,,,,,,
B-problem,I-problem,,,B-expertise,,B-neighborhood,I-neighborhood,,B-first-available-appointment,,,,,,,,,,,O,O,O,O,O,O,,,,,,,
یک,دکتر,می,خوام,که,توی,ضمینه,سرطان,خون,تخصص,داشته,باشه,,,,,,,,,,,,,,,,,,,,,
,,,,,,,B-expertise,I-expertise,,,,,,,,,,,,O,O,O,O,O,O,,,,,,,
برای,ریزش,مو,یک,دکتر,با,تجربه,و,خوش,اخلاق,می,خوام,,,,,,,,,,,,,,,,,,,,,
,B-problem,I-problem,,,,B-experience,,B-moral,I-moral,,,,,,,,,,,O,O,O,O,O,O,,,,,,,
یک,دکتر,روان,پزشک,معرفی,کن,که,یک,ساعت,تو,مطبش,معطل,نشم,,,,,,,,,,,,,,,,,,,,
,,B-expertise,I-expertise,,,,,,,,B-amount-of-delay,I-amount-of-delay,,,,,,,,O,O,O,O,O,O,,,,,,,
یک,روانشناس,معرفی,کن,فوری,,,,,,,,,,,,,,,,,,,,,,,,,,,,
,B-expertise,,,B-first-available-appointment,,,,,,,,,,,,,,,,O,O,O,O,O,O,,,,,,,
می,خوام,رژیم,بگیرم,باید,چیکار,کنم؟,,,,,,,,,,,,,,,,,,,,,,,,,,
,,B-problem,,,,,,,,,,,,,,,,,,O,O,O,O,O,O,,,,,,,
در,ادرارم,خون,دیدم,باید,برم,پیش,کی؟,,,,,,,,,,,,,,,,,,,,,,,,,
,B-problem,I-problem,,,,,,,,,,,,,,,,,,O,O,O,O,O,O,,,,,,,
کمر,درد,درد,مفصل,پشت,درد,,,,,,,,,,,,,,,,,,,,,,,,,,,
B-problem,I-problem,B-problem,I-problem,B-problem,I-problem,,,,,,,,,,,,,,,O,O,O,O,O,O,,,,,,,
به,یک,متخصص,زنان,نزدیک,میدان,آزادی,,نیاز,دارم,که,تو,ماه,های,آخر,بارداری,تجربه,داشته,باشه,,,,,,,,,,,,,,
,,,B-expertise,,B-neighborhood,I-neighborhood,,,,,,B-problem,I-problem,I-problem,I-problem,B-experience,,,,O,O,O,O,O,O,,,,,,,
دکتر,متخصص,گوارش,خوب,مشهد,با,نویت,اینترنتی,,,,,,,,,,,,,,,,,,,,,,,,,
,,B-expertise,B-user-score,B-city,O,,B-online-or-in-person,,,,,,,,,,,,,O,O,O,O,O,O,,,,,,,
دکتر,متخصص,اعصاب,با,حوصله,خوب,در,مشهد,,,,,,,,,,,,,,,,,,,,,,,,,
,,B-expertise,,B-moral,I-moral,,B-city,,,,,,,,,,,,O,O,O,O,O,O,,,,,,,,
دکتر,عمومی,خلوت,در,بلوار,وکیل,آباد,,,,,,,,,,,,,,,,,,,,,,,,,,
,B-expertise,,,,,,,,,,,,,,,,,,,O,O,O,O,O,O,,,,,,,
دکتر,متخصص,پوست,با,رضایت,زیاد,,,,,,,,,,,,,,,,,,,,,,,,,,,
O,O,B-expertise,O,B-user-score,,O,O,O,O,O,O,O,O,O,O,O,O,O,O,O,O,O,O,O,O,,,,,,,
یک,روانشناس,خوش,اخلاق,با,ویزیت,آنلاین,,,,,,,,,,,,,,,,,,,,,,,,,,
,B-expertise,B-moral,I-moral,,,B-online-or-in-person,,,,,,,,,,,,,,,,,,,,,,,,,,
یک,متخصص,گوش,و,حلق,و,بینی,که,تو,مطبش,معطل,نشم,,,,,,,,,,,,,,,,,,,,,
,,B-expertise,I-expertise,I-expertise,I-expertise,I-expertise,,,,B-amount-of-delay,I-amount-of-delay,,,,,,,,,,,,,,,,,,,,,
متخصص,بیماری,های,داخلی,که,کار,بلد,باشه,و,بیمه,دی,قبول,کنه,,,,,,,,,,,,,,,,,,,,
,B-expertise,I-expertise,I-expertise,,B-user-score,I-user-score,,,,B-insurance,,,,,,,,,,,,,,,,,,,,,,
میخوام,بینیم,رو,طبیعی,عمل,کنم,چه,دکتری,در,تهران,یا,شیراز,برای,این,کار,پیشنهاد,میدی,,,,,,,,,,,,,,,,
,B-problem,,I-problem,I-problem,,,,,B-city,,B-city,,,,,,,,,,,,,,,,,,,,,
میخوام,رژیم,غذاییم,رو,سالم,کنم,لطفا,ی,دکتر,تغذیه,خوب,پیشنهاد,بده,که,میزان,رضایت,بیماراش,بالا,باشه,,,,,,,,,,,,,,
,B-problem,I-problem,,,,,,,B-expertise,B-user-score,,,,,B-user-score,,I-user-score,,,,,,,,,,,,,,,
دندونم,درد,میکنه,دنبال,یه,دندون,پزشک,خوب,توی,کرج,میگردم,,,,,,,,,,,,,,,,,,,,,,
B-problem,I-problem,,,,B-expertise,I-expertise,B-user-score,,B-city,,,,,,,,,,,,,,,,,,,,,,,
سرم,درد,میکنه,و,سر,گیجه,دارم,میخوام,پیش,یه,دکتر,خوب,با,هزینه,ی,کم,توی,تبریز,برم,,,,,,,,,,,,,,
B-problem,I-problem,,,B-problem,I-problem,,,,,,B-user-score,,,,,,B-city,,,,,,,,,,,,,,,
میخوام,معاینه,چشم,بشم,یه,چشم,پزشک,ماهر,و,معروف,در,ساری,معرفی,کن,,,,,,,,,,,,,,,,,,,
,B-problem,I-problem,,,B-expertise,I-expertise,B-user-score,,,,B-city,,,,,,,,,,,,,,,,,,,,,
دختر,من,بیماری,روده,تحریک,پذیر,داره,میتونی,یک,دکتر,خیلی,خوب,بهم,معرفی,کنی,که,درمانش,کنه,,,,,,,,,,,,,,,
,,,B-problem,I-problem,I-problem,,,,,B-user-score,I-user-score,,,,,,,,,,,,,,,,,,,,,
میخوام,برای,ارتودنسی,یک,جا,با,هزینه,کم,بهم,پیشنهاد,بدی,توی,یزد,,,,,,,,,,,,,,,,,,,,
,,B-problem,,,,,,,,,,B-city,,,,,,,,,,,,,,,,,,,,
بهم,ماهر,ترین,دکتر,برای,عمل,بینی,رو,معرفی,کن,هرجای,ایران,باشه,اوکیه,,,,,,,,,,,,,,,,,,,
,B-user-score,I-user-score,,,B-problem,I-problem,,,,,,,,,,,,,,,,,,,,,,,,,,
برای,بلفاروپلاستی,کجا,برم,خوبه,,,,,,,,,,,,,,,,,,,,,,,,,,,,
,B-problem,,,B-user-score,,,,,,,,,,,,,,,,,,,,,,,,,,,,
من,ساکن,اصفهانم,شنوایی,یکی,از,گوشام,کم,شده,لطفا,یک,دکتر,خوب,خانم,بهم,معرفی,کن,در,محدوده,امام,خمینی,یا,یک,جایی,در,اطرافش,باشه,خیلی,خوبه,,,,
,,B-city,B-problem,,,I-problem,I-problem,,,,,B-user-score,B-gender,,,,,,B-neighborhood,I-neighborhood,,,,,,,I-user-score,B-user-score,,,,
من,دچار,بی,خوابی,شدم,راهنماییم,کن,که,به,چه,دکتری,در,اصفهان,مراجعه,کنم,,,,,,,,,,,,,,,,,,
,,B-problem,I-problem,,,,,,,,,B-city,,,,,,,,,,,,,,,,,,,,
بی,اشتها,شدم,و,حالت,تهوع,دارم,میشه,بگی,پیش,چه,دکتری,برم,در,محدوده,ولیعصر,تهران,,,,,,,,,,,,,,,,
B-problem,I-problem,,,B-problem,I-problem,,,,,,,,,,B-neighborhood,B-city,,,,,,,,,,,,,,,,
یه,دکتر,آقا,با,سابقه,و,خوب,در,زمینه,رینوپلاستی,غیر,از,دکتر,ناصری,صدر,در,بندر,عباس,بهم,پیشنهاد,بده,,,,,,,,,,,,
,,B-gender,,B-experience,,B-user-score,,,B-problem,,,,,,,B-city,I-city,,,,,,,,,,,,,,,
اختلال,دو,قطبی,دارم,و,میخوام,به,یه,روان,پزشک,با,قیمت,مناسب,توی,استان,مازندران,مراجعه,کنم,,,,,,,,,,,,,,,
B-problem,I-problem,I-problem,,,,,,B-expertise,I-expertise,,,,,,,,,,,,,,,,,,,,,,,
گوشم,وز,وز,میکنه,,,,,,,,,,,,,,,,,,,,,,,,,,,,,
B-problem,I-problem,I-problem,,,,,,,,,,,,,,,,,,,,,,,,,,,,,,
یک,دکتر,زنان,و,زایمان,خوب,در,شیروان,بگو,حتما,حتما,خانوم,باشه,,,,,,,,,,,,,,,,,,,,
,,B-expertise,I-problem,I-expertise,B-user-score,,B-city,,,,B-gender,,,,,,,,,,,,,,,,,,,,,
من,آزمایش,خون,دادم,و,میخوام,برم,که,دکتر,نتایج,آزمایشم,رو,بررسی,کنه,یه,دکتر,در,محدوده,خیابان,دانشجو,سبزوار,بگو,که,هزینه,کمی,دریافت,کنه,و,این,کار,رو,انجام,بده
,B-problem,I-problem,,,,,,,,B-problem,,I-problem,,,,,,,B-neighborhood,B-city,,,,,,,,,,,,
من,فیبروم,دارم,لطفا,یک,دکتر,خانوم,در,نیشابور,بهم,معرفی,کن,,,,,,,,,,,,,,,,,,,,,
,B-problem,,,,,B-gender,,B-city,,,,,,,,,,,,,,,,,,,,,,,,
میخوام,دندونامو,لمینت,کنم,یه,دکتر,که,کارش,طبیعی,باشه,و,دندونام,خیلی,سفید,و,ضایع,نشه,معرفی,کن,ترجیحا,شهرکرد,,,,,,,,,,,,
,B-problem,I-problem,,,,,,O,,,,,,,,,,,,B-city,,,,,,,,,,,,
یک,ارتوپد,آقا,در,ساری,معرفی,کن,,,,,,,,,,,,,,,,,,,,,,,,,,
,B-expertise,B-gender,,B-city,,,,,,,,,,,,,,,,,,,,,,,,,,,,
حس,میکنم,آپاندیسم,ترکیده,به,چه,دکتری,مراجعه,کنم,میخوام,که,داخل,قوچان,باشه,,,,,,,,,,,,,,,,,,,
,,B-problem,I-problem,,,,,,,,,B-city,,,,,,,,,,,,,,,,,,,,
یه,مشاور,خوب,تو,شهرک,غرب,رو,کجا,میشه,پیدا,کرد,,,,,,,,,,,,,,,,,,,,,,
,B-expertise,B-user-score,,B-neighborhood,I-neighborhood,,,,,,,,,,,,,,,,,,,,,,,,,,,
تو,ملایر,یک,روانشناس,با,اخلاق,و,با,حوصله,خوب,میخوام,که,آنلاین,هم,زود,وقت,بده,امتیازش,هم,بالا,باشه,,,,,,,,,,,,
,B-city,,B-expertise,B-moral,I-moral,,B-moral,I-moral,,,,B-online-or-in-person,,B-first-available-appointment,,,B-user-score,,I-user-score,,,,,,,,,,,,,
برای,عمل,کاتاراکت,بهترین,دکتر,در,لار,,,,,,,,,,,,,,,,,,,,,,,,,,
,B-problem,I-problem,B-user-score,,,B-city,,,,,,,,,,,,,,,,,,,,,,,,,,
کدوم,دکتر,عمومی,تو,نازی,اباد,کارش,بهتر,از,بقیه,است,,,,,,,,,,,,,,,,,,,,,,
,,B-expertise,,B-neighborhood,I-city,,B-user-score,,,,,,,,,,,,,,,,,,,,,,,,,
انحراف,بینی,دارم,میخوام,عمل,کنم,دکتر,با,امتیاز,بالا,میخوام,,,,,,,,,,,,,,,,,,,,,,
B-problem,I-problem,,,,,,,B-user-score,I-user-score,,,,,,,,,,,,,,,,,,,,,,,
برای,حساسیت,فصلی,چه,دکتری,پیشنهاد,میدی,رضایت,بالا,برام,مهمه,,,,,,,,,,,,,,,,,,,,,,
,B-problem,I-problem,,,,,B-user-score,I-user-score,,,,,,,,,,,,,,,,,,,,,,,,
یه,دکتر,دندون,پزشک,تو,شهر,کرد,میخوام,که,سریع,نوبت,بده,,,,,,,,,,,,,,,,,,,,,
,,B-expertise,I-expertise,,B-city,I-city,,,B-first-available-appointment,,,,,,,,,,,,,,,,,,,,,,,
یه,پزشک,حاذق,زنان,در,حوزه,ی,ای,وی,اف,بهم,معرفی,کن,,,,,,,,,,,,,,,,,,,,
,,B-user-score,B-expertise,,,,B-problem,I-problem,I-problem,,,,,,,,,,,,,,,,,,,,,,,
دنبال,یه,متخصص,قلب,میگردم,که,زود,نوبت,بده,تو,تهران,,,,,,,,,,,,,,,,,,,,,,
,,,B-expertise,,,B-first-available-appointment,,,,B-city,,,,,,,,,,,,,,,,,,,,,,
بهترین,جراح,عمل,بای,پس,معده,,,,,,,,,,,,,,,,,,,,,,,,,,,
B-user-score,,B-problem,I-problem,I-problem,I-problem,,,,,,,,,,,,,,,,,,,,,,,,,,,
یه,جراح,رینوپلاستی,بهم,معرفی,کن,که,مشکل,حساسیت,بهم,نده,,,,,,,,,,,,,,,,,,,,,,
,,B-expertise,,,,,,,,,,,,,,,,,,,,,,,,,,,,,,
ازمایشگاه,شبانه,روزی,تو,دندانپزشکان,کدوم,خوبه,,,,,,,,,,,,,,,,,,,,,,,,,,
,,,,B-neighborhood,,B-user-score,,,,,,,,,,,,,,,,,,,,,,,,,,
بهترین,ارتوپد,تو,بلوار,معلم,کیه,,,,,,,,,,,,,,,,,,,,,,,,,,,
B-user-score,B-expertise,,B-neighborhood,I-neighborhood,,,,,,,,,,,,,,,,,,,,,,,,,,,,
بهترین,متخصص,گوش,و,حلق,و,بینی,تو,نیشابور,,,,,,,,,,,,,,,,,,,,,,,,
B-user-score,,B-expertise,I-problem,I-expertise,,I-expertise,,B-city,,,,,,,,,,,,,,,,,,,,,,,,
بهترین,دکتر,جراح,قلب,تو,گرگان,,,,,,,,,,,,,,,,,,,,,,,,,,,
B-user-score,,B-problem,I-problem,,B-city,,,,,,,,,,,,,,,,,,,,,,,,,,,
اولین,نفری,که,می,تونه,بهم,وقت,و,تو,مشهد,باشه,برای,سر,درد,,,,,,,,,,,,,,,,,,,
B-first-available-appointment,,,,,,,,,B-city,,,B-problem,I-problem,,,,,,,,,,,,,,,,,,,
گوش,چپم,خوب,نمیشنوه,کدوم,دکتر,سریع,کارمو,راه,میندازه,,,,,,,,,,,,,,,,,,,,,,,
B-problem,,,I-problem,,,B-first-available-appointment,,,,,,,,,,,,,,,,,,,,,,,,,,
متخصص,چشم,پیدا,کن,که,فروش,لنز,و,فریم,عینک,رو,هم,همونجا,انجام,بده,,,,,,,,,,,,,,,,,,,,,,,,,,,,,,,,,,,,,
,B-expertise,,,,B-problem,I-problem,I-problem,I-problem,I-problem,,,,,,,,,,,,,,,,,,,,,,,,,,,,,,,,,,,,,,,,,,
کلینیک,دندون,پزشکی,پیدا,کن,که,عکس,برداری,رو,همونجا,انجام,بده,و,با,بیمه,رفاه,قرار,داد,داشته,باشه,,,,,,,,,,,,,,,,,,,,,,,,,,,,,,,,
,B-expertise,I-expertise,,,,B-problem,I-problem,,,,,,,,B-insurance,,,,,,,,,,,,,,,,,,,,,,,,,,,,,,,,,,,,
مطب,دکتری,رو,پیدا,کن,که,آزمایشگاه,بهش,نزدیک,باشه,,,,,,,,,,,,,,,,,,,,,,,,,,,,,,,,,,,,,,,,,,
,,,,,,,,,,,,,,,,,,,,,,,,,,,,,,,,,,,,,,,,,,,,,,,,,,,
متخصص,داخلی,رو,پیدا,کن,که,بیمارستان,دولتی,عمل,رو,انجام,بده,,,,,,,,,,,,,,,,,,,,,,,,,,,,,,,,,,,,,,,,
,B-expertise,,,,,,,,,,,,,,,,,,,,,,,,,,,,,,,,,,,,,,,,,,,,,,,,,,
متخصص,زنان,پیدا,کن,که,همونجا,سونوگرافی,رو,انجام,بده,,,,,,,,,,,,,,,,,,,,,,,,,,,,,,,,,,,,,,,,,,
,B-expertise,,,,,B-problem,,,,,,,,,,,,,,,,,,,,,,,,,,,,,,,,,,,,,,,,,,,,,
یک,متخصص,پیدا,کن,تا,غده,لنفاوی,رو,با,کمترین,هزینه,برداره,,,,,,,,,,,,,,,,,,,,,,,,,,,,,,,,,,,,,,,,
,,,,,B-problem,I-problem,,,,,,,,,,,,,,,,,,,,,,,,,,,,,,,,,,,,,,,,,,,,,
یک,دکتر,معرفی,کن,به,من,امید,بده,منو,درگیر,آزمایشگاه,و,رادیولوژی,و,غیره,نکنه,,,,,,,,,,,,,,,,,,,,,,,,,,,,,,,,,,,,
,,,,,,,,,,,,,,,,,,,,,,,,,,,,,,,,,,,,,,,,,,,,,,,,,,,
یک,پزشک,عمومی,معرفی,کن,که,برای,مریض,هاش,احترام,قائل,باشه,اتاق,انتظارش,تمیز,و,مرتب,باشه,,,,,,,,,,,,,,,,,,,,,,,,,,,,,,,,,,
,,B-expertise,,,,,,,B-moral,I-moral,,,,,,,,,,,,,,,,,,,,,,,,,,,,,,,,,,,,,,,,,
یک,دکتر,ارتوپد,می,خوام,برای,درد,زانو,تو,محدوده,وکیل,آباد,,,,,,,,,,,,,,,,,,,,,,,,,,,,,,,,,,,,,,,,
,,B-expertise,,,,B-problem,I-problem,,,B-neighborhood,I-neighborhood,,,,,,,,,,,,,,,,,,,,,,,,,,,,,,,,,,,,,,,,
متخصص,زنان,احتیاج,دارم,که,نوبت,دهی,آنلاین,داشته,باشه,و,تو,مسیر,مترو,باشه,,,,,,,,,,,,,,,,,,,,,,,,,,,,,,,,,,,,,
,B-expertise,,,,,,B-online-or-in-person,,,,,,,,,,,,,,,,,,,,,,,,,,,,,,,,,,,,,,,,,,,,
یه,دکتر,دندان,پزشک,اطفال,می,خوام,که,حاضر,باشه,با,بچه,ها,کار,کنه,,,,,,,,,,,,,,,,,,,,,,,,,,,,,,,,,,,,,
,,B-expertise,I-expertise,I-expertise,,,,,,,,,,,,,,,,,,,,,,,,,,,,,,,,,,,,,,,,,,,,,,,
یه,متخصص,غدد,برای,مشکل,تیروئیدم,می,خوام,که,محلش,ترافیک,زیاد,نداشته,باشه,,,,,,,,,,,,,,,,,,,,,,,,,,,,,,,,,,,,,,
,,B-expertise,,,B-problem,,,,,,,,,,,,,,,,,,,,,,,,,,,,,,,,,,,,,,,,,,,,,,
یه,دکتر,متخصص,گوارش,می,خوام,تو,مشهد,برای,درد,معده,شدیدم,که,سریع,بتونم,نوبت,بگیرم,,,,,,,,,,,,,,,,,,,,,,,,,,,,,,,,,,,
,,,B-expertise,,,,B-city,,B-problem,I-problem,,,B-first-available-appointment,,,,,,,,,,,,,,,,,,,,,,,,,,,,,,,,,,,,,,
دنبال,دندون,پزشکی,توی,مشهد,می,گردم,که,کار,زیبایی,دندون,انجام,بده,و,کارش,خوب,باشه,و,مراجعینش,راضی,بوده,باشن,,,,,,,,,,,,,,,,,,,,,,,,,,,,,,
,B-expertise,I-expertise,,B-city,,,,,B-problem,I-problem,,,,,B-user-score,,,,B-user-score,,,,,,,,,,,,,,,,,,,,,,,,,,,,,,,,
چشم,پزشکی,توی,مشهد,می,خوام,پیدا,کنم,که,کار,لیزیک,انجام,بده,و,باسابقه,باشه,,,,,,,,,,,,,,,,,,,,,,,,,,,,,,,,,,,,
B-expertise,I-expertise,,B-city,,,,,,,B-problem,,,,B-experience,,,,,,,,,,,,,,,,,,,,,,,,,,,,,,,,,,,,,
متخصص,کلیه,می,خوام,توی,شاهرود,که,سریع,وقت,بده,,,,,,,,,,,,,,,,,,,,,,,,,,,,,,,,,,,,,,,,,,
,B-expertise,,,,B-city,,B-first-available-appointment,,,,,,,,,,,,,,,,,,,,,,,,,,,,,,,,,,,,,,,,,,,,
دنبال,دکتر,عمومی,نزدیک,کوهسنگی,مشهد,می,گردم,که,بخش,تزریقاتم,داشته,باشه,و,داروخونه,نزدیکش,باشه,,,,,,,,,,,,,,,,,,,,,,,,,,,,,,,,,,,
,,B-expertise,,B-neighborhood,B-city,,,,,B-problem,,,,,,,,,,,,,,,,,,,,,,,,,,,,,,,,,,,,,,,,,
دکتر,پوست,و,مو,می,خوام,توی,سنندج,که,توی,درمان,اگزما,و,لک,های,پوستی,تخصص,داشته,باشه,,,,,,,,,,,,,,,,,,,,,,,,,,,,,,,,,
,B-expertise,I-expertise,I-expertise,,,,B-city,,,,B-problem,,B-problem,I-problem,I-problem,,,,,,,,,,,,,,,,,,,,,,,,,,,,,,,,,,,,
دکتر,متخصص,گوارش,خوب,آردان,با,نویت,اینترنتی,,,,,,,,,,,,,,,,,,,,,,,,,,,,,,,,,,,,,,,,,,,,
,,B-expertise,B-user-score,,,,B-online-or-in-person,,,,,,,,,,,,,,,,,,,,,,,,,,,,,,,,,,,,,,,,,,,,
دکتر,متخصص,اعصاب,با,حوصله,خوب,در,آستانه,,,,,,,,,,,,,,,,,,,,,,,,,,,,,,,,,,,,,,,,,,,,
,,B-expertise,,B-moral,I-moral,,B-city,,,,,,,,,,,,,,,,,,,,,,,,,,,,,,,,,,,,,,,,,,,,
دکتر,عمومی,خلوت,در,بلوار,وکیل,آباد,,,,,,,,,,,,,,,,,,,,,,,,,,,,,,,,,,,,,,,,,,,,,
,B-expertise,,,,B-neighborhood,I-neighborhood,,,,,,,,,,,,,,,,,,,,,,,,,,,,,,,,,,,,,,,,,,,,,
دکتر,متخصص,پوست,با,رضایت,زیاد,,,,,,,,,,,,,,,,,,,,,,,,,,,,,,,,,,,,,,,,,,,,,,
,,B-expertise,,B-user-score,,,,,,,,,,,,,,,,,,,,,,,,,,,,,,,,,,,,,,,,,,,,,,,
بهترین,دکتر,برای,درد,کمر,سمنان,,,,,,,,,,,,,,,,,,,,,,,,,,,,,,,,,,,,,,,,,,,,,,
B-user-score,,,B-problem,I-problem,B-city,,,,,,,,,,,,,,,,,,,,,,,,,,,,,,,,,,,,,,,,,,,,,,
دکتر,خوب,جراح,عمومی,اردبیل,,,,,,,,,,,,,,,,,,,,,,,,,,,,,,,,,,,,,,,,,,,,,,,
,B-user-score,B-expertise,I-expertise,B-city,,,,,,,,,,,,,,,,,,,,,,,,,,,,,,,,,,,,,,,,,,,,,,,
من,چشمام,همیشه,اشک,الوده,لطفا,یه,چشم,پزشک,خوب,چهار,راه,طالقانی,کرح,معرفی,کنید,,,,,,,,,,,,,,,,,,,,,,,,,,,,,,,,,,,,
,B-problem,,I-problem,I-problem,,,B-expertise,I-expertise,B-user-score,B-neighborhood,I-neighborhood,I-neighborhood,B-city,,,,,,,,,,,,,,,,,,,,,,,,,,,,,,,,,,,,,,
پزشک,خوب,گوارش,درگز,کیه,,,,,,,,,,,,,,,,,,,,,,,,,,,,,,,,,,,,,,,,,,,,,,,
,B-user-score,B-expertise,B-city,,,,,,,,,,,,,,,,,,,,,,,,,,,,,,,,,,,,,,,,,,,,,,,,
پزشک,فوق,تخصص,گوارش,در,ایلام,معرفی,کنید,,,,,,,,,,,,,,,,,,,,,,,,,,,,,,,,,,,,,,,,,,,,
,,,B-expertise,,B-city,,,,,,,,,,,,,,,,,,,,,,,,,,,,,,,,,,,,,,,,,,,,,,
پزشک,اورتوپد,خوب,در,صفاییه,یزد,کیه,,,,,,,,,,,,,,,,,,,,,,,,,,,,,,,,,,,,,,,,,,,,,
,B-expertise,B-user-score,,B-neighborhood,B-city,,,,,,,,,,,,,,,,,,,,,,,,,,,,,,,,,,,,,,,,,,,,,,
پزشک,گوارش,می,خوام,که,دردم,رو,بفهمه,نه,اینکه,تا,دارو,میخورم,حالم,خوب,باشه,بعد,از,اتمام,دارو,باز,ناراحتیم,برگشت,کنه,,,,,,,,,,,,,,,,,,,,,,,,,,,,
,B-expertise,,,,,,,,,,,,,,,,,,,,,,,,,,,,,,,,,,,,,,,,,,,,,,,,,,
یک,روانپزشک,خوب,معرفی,کنید,که,پولکی,نباشه,و,وقت,بذاره,و,تا,رفتی,تو,چهار,تا,قلم,داره,ننویسه,و,بذاره,حرفام,رو,بنویسم,,,,,,,,,,,,,,,,,,,,,,,,,,,
,B-expertise,B-user-score,,,,,,,,,,,,,,,,,,,,,,,,,,,,,,,,,,,,,,,,,,,,,,,,,
یک,متخصص,گوارش,می,خوام,که,آندوسکپی,می,خواد,بکنه,با,بیهوش,باشه,,,,,,,,,,,,,,,,,,,,,,,,,,,,,,,,,,,,,,,
,,B-expertise,,,,B-problem,,,,I-problem,I-problem,,,,,,,,,,,,,,,,,,,,,,,,,,,,,,,,,,,,,,,,
یک,متخصص,چشم,که,استاد,دانشگاه,هم,باشه,,,,,,,,,,,,,,,,,,,,,,,,,,,,,,,,,,,,,,,,,,,,
,,B-expertise,,,,,,,,,,,,,,,,,,,,,,,,,,,,,,,,,,,,,,,,,,,,,,,,,
یک,جراحی,معرفی,می,کنی,که,زیر,میزی,نگیره,,,,,,,,,,,,,,,,,,,,,,,,,,,,,,,,,,,,,,,,,,,
,B-expertise,,,,,,,,,,,,,,,,,,,,,,,,,,,,,,,,,,,,,,,,,,,,,,,,,,
دکتر,باتجربه,متخصص,کودکان,کرمان,,,,,,,,,,,,,,,,,,,,,,,,,,,,,,,,,,,,,,,,,,,,,,,
,B-experience,,B-expertise,B-city,,,,,,,,,,,,,,,,,,,,,,,,,,,,,,,,,,,,,,,,,,,,,,,
دکتر,باحوصله,و,صبور,اعصاب,منطقه,آزادشهر,زاهدان,,,,,,,,,,,,,,,,,,,,,,,,,,,,,,,,,,,,,,,,,,,,
,B-moral,,B-moral,B-expertise,B-neighborhood,I-neighborhood,B-city,,,,,,,,,,,,,,,,,,,,,,,,,,,,,,,,,,,,,,,,,,,,
دکتر,برای,آندوسکوپی,با,بی,هوشی,در,کلینیک,خصوصی,,,,,,,,,,,,,,,,,,,,,,,,,,,,,,,,,,,,,,,,,,,
,,B-problem,I-problem,I-problem,I-problem,,,,,,,,,,,,,,,,,,,,,,,,,,,,,,,,,,,,,,,,,,,,,,
دکتر,پوست,خانم,ماهر,که,همه,دستگاه,های,لازم,رو,در,مطب,داشته,باشه,و,ارجاع,نده,,,,,,,,,,,,,,,,,,,,,,,,,,,,,,,,,,,
,B-expertise,B-gender,B-user-score,,,,,,,,,,,,,,,,,,,,,,,,,,,,,,,,,,,,,,,,,,,,,,,,
دکتر,دندانپزشک,خانم,با,قیمت,مناسب,,,,,,,,,,,,,,,,,,,,,,,,,,,,,,,,,,,,,,,,,,,,,,
,B-expertise,B-gender,,,,,,,,,,,,,,,,,,,,,,,,,,,,,,,,,,,,,,,,,,,,,,,,,
من,دنبال,یه,دکتر,میگردم,بدون,سهمیه,دکتر,شده,باشه,به,زبان,انگلیسی,هم,مسلط,باشه,,,,,,,,,,,,,,,,,,,,,,,,,,,,,,,,,,,,
,,,,,,,,,,,,,,,,,,,,,,,,,,,,,,,,,,,,,,,,,,,,,,,,,,,
یک,متخصص,قلب,با,فلوشیپ,انژیوگرافی,,,,,,,,,,,,,,,,,,,,,,,,,,,,,,,,,,,,,,,,,,,,,,
,,B-expertise,,B-expertise,I-expertise,,,,,,,,,,,,,,,,,,,,,,,,,,,,,,,,,,,,,,,,,,,,,,
بهترین,متخصصان,قلب,در,مشهد,,,,,,,,,,,,,,,,,,,,,,,,,,,,,,,,,,,,,,,,,,,,,,,
B-user-score,,I-expertise,,B-city,,,,,,,,,,,,,,,,,,,,,,,,,,,,,,,,,,,,,,,,,,,,,,,
متخصص,قلب,با,قرار,داد,با,بیمه,تکمیلی,اسیا,در,مشهد,,,,,,,,,,,,,,,,,,,,,,,,,,,,,,,,,,,,,,,,,
,B-expertise,,,,,,B-insurance,I-insurance,,B-city,,,,,,,,,,,,,,,,,,,,,,,,,,,,,,,,,,,,,,,,,
پزشک,معروف,یا,کار,بلد,درمان,تیرویید,,,,,,,,,,,,,,,,,,,,,,,,,,,,,,,,,,,,,,,,,,,,,
,,,B-user-score,I-user-score,,B-problem,,,,,,,,,,,,,,,,,,,,,,,,,,,,,,,,,,,,,,,,,,,,,
پزشک,معروف,کار,بلد,مرد,ریزش,مو,,,,,,,,,,,,,,,,,,,,,,,,,,,,,,,,,,,,,,,,,,,,,
,,B-user-score,I-user-score,B-gender,B-problem,I-problem,,,,,,,,,,,,,,,,,,,,,,,,,,,,,,,,,,,,,,,,,,,,,
بهترین,متخصص,پوست,در,مشهد,کیست,,,,,,,,,,,,,,,,,,,,,,,,,,,,,,,,,,,,,,,,,,,,,,
B-user-score,,B-expertise,,B-city,,,,,,,,,,,,,,,,,,,,,,,,,,,,,,,,,,,,,,,,,,,,,,,
چند,تا,از,بهترین,متخصص,های,اعصاب,در,مشهد,به,همراه,شماره,تماس,و,آدرس,معرفی,کنید,,,,,,,,,,,,,,,,,,,,,,,,,,,,,,,,,,,
,,,B-user-score,,,B-expertise,,B-city,,,,,,,,,,,,,,,,,,,,,,,,,,,,,,,,,,,,,,,,,,,
برای,مشکل,فشارخون,به,چه,تخصصی,مراجعه,کنم,,,,,,,,,,,,,,,,,,,,,,,,,,,,,,,,,,,,,,,,,,,,
,,B-problem,,,,,,,,,,,,,,,,,,,,,,,,,,,,,,,,,,,,,,,,,,,,,,,,,
برای,مشکل,فشار,خون,یک,دکتر,خوب,معرفی,کن,,,,,,,,,,,,,,,,,,,,,,,,,,,,,,,,,,,,,,,,,,,
,,B-problem,I-problem,,,B-user-score,,,,,,,,,,,,,,,,,,,,,,,,,,,,,,,,,,,,,,,,,,,,,
چشمهایم,تار,شده,به,چه,دکتری,مراجعه,کنم,,,,,,,,,,,,,,,,,,,,,,,,,,,,,,,,,,,,,,,,,,,,
B-problem,I-problem,,,,,,,,,,,,,,,,,,,,,,,,,,,,,,,,,,,,,,,,,,,,,,,,,,
بعد,از,فوتبال,رونم,درد,می,کنه,به,کی,مراجعه,کنم,,,,,,,,,,,,,,,,,,,,,,,,,,,,,,,,,,,,,,,,,
,,,B-problem,I-problem,,,,,,,,,,,,,,,,,,,,,,,,,,,,,,,,,,,,,,,,,,,,,,,
دنبال,یک,رادیولوژیست,می,گردم,,,,,,,,,,,,,,,,,,,,,,,,,,,,,,,,,,,,,,,,,,,,,,,
,,B-expertise,,,,,,,,,,,,,,,,,,,,,,,,,,,,,,,,,,,,,,,,,,,,,,,,,
دنبال,یک,جراح,می,گردم,,,,,,,,,,,,,,,,,,,,,,,,,,,,,,,,,,,,,,,,,,,,,,,
,,B-expertise,,,,,,,,,,,,,,,,,,,,,,,,,,,,,,,,,,,,,,,,,,,,,,,,,
دنبال,یک,اورولوژیست,مرد,می,گردم,که,بهم,حس,بدی,نده,بهترین,مشهد,باشه,ارزون,باشه,و,آنلاین,هم,وقت,بده,,,,,,,,,,,,,,,,,,,,,,,,,,,,,,,
,,B-expertise,B-gender,,,,,,,,B-user-score,B-city,,,,,B-neighborhood,,,,,,,,,,,,,,,,,,,,,,,,,,,,,,,,,,
یک,رادیولوژیست,خوش,برخورد,معرفی,کن,که,معطلی,نداشته,باشه,,,,,,,,,,,,,,,,,,,,,,,,,,,,,,,,,,,,,,,,,,
,B-expertise,B-moral,I-moral,,,,,,,,,,,,,,,,,,,,,,,,,,,,,,,,,,,,,,,,,,,,,,,,
برای,پسرم,یک,مرد,می,خوام,که,تو,دستگاه,گوارش,تخصص,داشته,باشه,و,بندر,انزلی,باشه,,,,,,,,,,,,,,,,,,,,,,,,,,,,,,,,,,,
,,,B-gender,,,,,,B-expertise,,,,,B-city,I-city,,,,,,,,,,,,,,,,,,,,,,,,,,,,,,,,,,,,
دخترم,قدش,بلند,نمی,شه,باید,به,کی,مراجعه,کنم,,,,,,,,,,,,,,,,,,,,,,,,,,,,,,,,,,,,,,,,,,
,B-problem,I-problem,O,O,,,,,,,,,,,,,,,,,,,,,,,,,,,,,,,,,,,,,,,,,,,,,,,
برای,زنم,دنبال,یک,متخصص,زنان,می,گردم,که,مهربون,باشه,و,تجربش,زیاد,باشه,,,,,,,,,,,,,,,,,,,,,,,,,,,,,,,,,,,,,
,,,,,B-expertise,,,,B-moral,,,B-problem,,,,,,,,,,,,,,,,,,,,,,,,,,,,,,,,,,,,,,,
زنم,رو,می,خوام,ببرم,سونوگرافی,یک,نفر,خوش,اخلاق,معرفی,کن,,,,,,,,,,,,,,,,,,,,,,,,,,,,,,,,,,,,,,,,
,,,,,B-problem,,,B-moral,I-moral,,,,,,,,,,,,,,,,,,,,,,,,,,,,,,,,,,,,,,,,,,
کمر,زنم,درد,می,کنه,می,خوام,ببرمش,پیش,ارتوپد,امتیازش,بالا,باشه,ملک,آباد,مشهد,باشه,,,,,,,,,,,,,,,,,,,,,,,,,,,,,,,,,,,
B-problem,,I-problem,,,,,,,B-expertise,B-user-score,,,B-neighborhood,I-neighborhood,B-city,,,,,,,,,,,,,,,,,,,,,,,,,,,,,,,,,,,,
یک,متخصص,انکولوژی,مهربان,معرفی,کن,مطبش,نزدیک,هوشیار,باشه,,,,,,,,,,,,,,,,,,,,,,,,,,,,,,,,,,,,,,,,,,
,,B-expertise,B-moral,,,,,B-neighborhood,,,,,,,,,,,,,,,,,,,,,,,,,,,,,,,,,,,,,,,,,,,
فکر,میکنم,کلیه,ام,درد,میکنه,دنبال,یک,متخصص,خوب,میگردم,,,,,,,,,,,,,,,,,,,,,,,,,,,,,,,,,,,,,,,,,
,,B-problem,,I-problem,,,,,B-user-score,,,,,,,,,,,,,,,,,,,,,,,,,,,,,,,,,,,,,,,,,,
قلبم,تیر,میکشه,متخصص,قلب,و,عروق,میشناسین,,,,,,,,,,,,,,,,,,,,,,,,,,,,,,,,,,,,,,,,,,,,
B-problem,I-problem,I-problem,,B-expertise,,I-expertise,,,,,,,,,,,,,,,,,,,,,,,,,,,,,,,,,,,,,,,,,,,,,
خانومم,دست,و,پاهاش,درد,میکنه,یک,فیزیوتراپ,خوب,معرفی,کنید,,,,,,,,,,,,,,,,,,,,,,,,,,,,,,,,,,,,,,,,,
,B-problem,,B-problem,I-problem,,,B-expertise,B-user-score,,,,,,,,,,,,,,,,,,,,,,,,,,,,,,,,,,,,,,,,,,,
موهای,سرم,میریزه,متخصص,خوب,سراغ,دارید,,,,,,,,,,,,,,,,,,,,,,,,,,,,,,,,,,,,,,,,,,,,,
B-problem,,I-problem,,B-user-score,,,,,,,,,,,,,,,,,,,,,,,,,,,,,,,,,,,,,,,,,,,,,,,
فراموشی,گرفتم,پیش,چه,دکتری,برم,,,,,,,,,,,,,,,,,,,,,,,,,,,,,,,,,,,,,,,,,,,,,,
B-problem,,,,,,,,,,,,,,,,,,,,,,,,,,,,,,,,,,,,,,,,,,,,,,,,,,,
بد,طوری,سرما,خوردم,گلوم,سرم,همه,جام,درد,میکنه,یک,دکتر,عمومی,متخصص,در,سرماخوردگی,میخوام,,,,,,,,,,,,,,,,,,,,,,,,,,,,,,,,,,,
,,B-problem,I-problem,B-problem,B-problem,,,I-problem,,,,B-expertise,,,B-problem,,,,,,,,,,,,,,,,,,,,,,,,,,,,,,,,,,,,
بینایی,چشمم,کم,شده,یک,دکتر,خوب,سراغ,دارین,,,,,,,,,,,,,,,,,,,,,,,,,,,,,,,,,,,,,,,,,,,
B-problem,,I-problem,,,,B-user-score,,,,,,,,,,,,,,,,,,,,,,,,,,,,,,,,,,,,,,,,,,,,,
دستم,بریده,کجای,تهران,برم,بخیه,بزنم,,,,,,,,,,,,,,,,,,,,,,,,,,,,,,,,,,,,,,,,,,,,,
,,,B-city,,B-problem,,,,,,,,,,,,,,,,,,,,,,,,,,,,,,,,,,,,,,,,,,,,,,
توی,سینم,یه,غده,ای,در,اومده,کجای,سقز,برم,,,,,,,,,,,,,,,,,,,,,,,,,,,,,,,,,,,,,,,,,,
,B-problem,,I-problem,,,,,B-city,,,,,,,,,,,,,,,,,,,,,,,,,,,,,,,,,,,,,,,,,,,
دلم,بد,جوری,درد,میکنه,فکر,میکنی,کجا,برم,تو,نیشابور,,,,,,,,,,,,,,,,,,,,,,,,,,,,,,,,,,,,,,,,,
B-problem,,,I-problem,,,,,,,B-city,,,,,,,,,,,,,,,,,,,,,,,,,,,,,,,,,,,,,,,,,
خوردم,زمین,استخون,رونم,شکسته,کدوم,دکتر,متخصص,رو,سراغ,دارین,,,,,,,,,,,,,,,,,,,,,,,,,,,,,,,,,,,,,,,,,
,,B-problem,,I-problem,,,,,,,,,,,,,,,,,,,,,,,,,,,,,,,,,,,,,,,,,,,,,,,
پام,رفته,زیر,چرخ,ماشین,کجا,برم,,,,,,,,,,,,,,,,,,,,,,,,,,,,,,,,,,,,,,,,,,,,,
B-problem,I-problem,I-problem,I-problem,I-problem,,,,,,,,,,,,,,,,,,,,,,,,,,,,,,,,,,,,,,,,,,,,,,,
چشمام,سیاه,تاریکی,میکنه,متخصصش,توی,سبزوار,کیه,,,,,,,,,,,,,,,,,,,,,,,,,,,,,,,,,,,,,,,,,,,,
B-problem,I-problem,I-problem,,,,B-city,,,,,,,,,,,,,,,,,,,,,,,,,,,,,,,,,,,,,,,,,,,,,
دخترم,مشکل,نازایی,داره,بهترین,دکتر,های,ایران,در,این,زمینه,چه,کسایی,هستن,,,,,,,,,,,,,,,,,,,,,,,,,,,,,,,,,,,,,,
,,B-problem,,B-user-score,,,,,,,,,,,,,,,,,,,,,,,,,,,,,,,,,,,,,,,,,,,,,,,
یک,دکتر,که,بد,اخلاق,نباشه,برای,دخترم,که,پنج,سالشه,و,لکنت,زبان,داره,معرفی,کن,,,,,,,,,,,,,,,,,,,,,,,,,,,,,,,,,,,
,,,B-moral,I-moral,,,,,,,,B-problem,I-problem,,,,,,,,,,,,,,,,,,,,,,,,,,,,,,,,,,,,,,
پسرم,چند,ماهه,که,دستش,یک,زخم,داره,و,مدام,خونریزی,داره,میتونی,راهنمایی,کنی,پیش,چه,دکتری,ببرمش,,,,,,,,,,,,,,,,,,,,,,,,,,,,,,,,,
,,,,B-problem,,I-problem,,,I-problem,I-problem,,,,,,,,,,,,,,,,,,,,,,,,,,,,,,,,,,,,,,,,,
من,از,دو,ماه,پیش,که,سزما,خوردم,هنوز,گلو,درد,دارم,چیکار,کنم,,,,,,,,,,,,,,,,,,,,,,,,,,,,,,,,,,,,,,
,,,,,,B-problem,I-problem,,B-problem,I-problem,,,,,,,,,,,,,,,,,,,,,,,,,,,,,,,,,,,,,,,,,
ی,دکتر,خیلی,خوب,میخوام,برا,عمل,بینی,دکتر,زیبایی,باشه,و,اینکه,خیلی,هم,گرون,نباشه,اما,همه,ازش,راضی,باشن,شلوغ,هم,نباشه,خیلی,,,,,,,,,,,,,,,,,,,,,,,,,,
,,,,,,B-problem,I-problem,,B-expertise,,,,,,,,,,,B-user-score,I-user-score,,,,,,,,,,,,,,,,,,,,,,,,,,,,,,
برای,جراحی,عمل,قلب,باز,بهترین,پزشکی,که,میتونی,پیشنهاد,بدی,رو,بده,,,,,,,,,,,,,,,,,,,,,,,,,,,,,,,,,,,,,,,
,B-problem,I-problem,I-problem,,B-user-score,,,,,,,,,,,,,,,,,,,,,,,,,,,,,,,,,,,,,,,,,,,,,,
گردن,درد,دارم,باید,به,چه,دکتری,مراجعه,کنم,,,,,,,,,,,,,,,,,,,,,,,,,,,,,,,,,,,,,,,,,,,
B-problem,I-problem,,,,,,,,,,,,,,,,,,,,,,,,,,,,,,,,,,,,,,,,,,,,,,,,,,
سلام,من,نیاز,دارم,که,به,یه,متخصص,مغز,و,اعصاب,مراجعه,کنم,لطفا,مواردی,رو,به,من,پیشنهاد,بده,که,بتونم,طی,یک,هفته,آینده,نوبت,بگیرم,و,به,پزشک,مراجععه,کنم,,,,,,,,,,,,,,,,,,,
,,,,,,,,B-expertise,I-expertise,I-expertise,,,,,,,,,,,,,B-first-available-appointment,I-first-available-appointment,I-first-available-appointment,,,,,,,,,,,,,,,,,,,,,,,,,,
سلام,من,برای,عمل,بینی,به,دنبال,یک,متخصص,گوش,و,حلق,و,بینی,هستم,تخصصش,زیبایی,نباشه,حتما,میخوام,متخصص,گوش,و,حلق,و,بینی,باشه,و,میخوام,که,دکتر,معروفی,باشه,و,رضایت,مراجعه,کننده,هاش,بالا,باشه,لطفا,پزشک,هایی,با,این,ویژگی,ها,رو,در,ساری,معرفی,کن
,,,B-problem,I-problem,,,,,B-expertise,I-expertise,I-expertise,I-expertise,B-gender,,,,,,,,B-expertise,I-expertise,I-expertise,I-expertise,I-expertise,,,,,,,,,B-user-score,,,,I-user-score,,,,,,,,,,,B-city,,
خانم,من,مشکل,تنفسی,داره,و,لازم,داره,که,پیوند,ریه,بشه,میتونی,راهنمایی,کنی,کجای,ایران,چه,دکتر,هایی,این,کار,رو,انجام,میدن,,,,,,,,,,,,,,,,,,,,,,,,,,,
,,,B-problem,,,,,,B-problem,I-problem,,,,,,,,,,,,,,,,,,,,,,,,,,,,,,,,,,,,,,,,,
فک,کنم,دیسک,کمر,دارم,لطفا,نزدیک,ترین,دکتر,توی,هوشیار,رو,معرفی,کن,,,,,,,,,,,,,,,,,,,,,,,,,,,,,,,,,,,,,,
,,B-problem,I-problem,,,,,,,B-neighborhood,,,,,,,,,,,,,,,,,,,,,,,,,,,,,,,,,,,,,,,,,
برای,ریزش,موی,شدیدم,دنبال,یک,دکتر,با,تجربه,و,خوش,اخلاق,در,تهران,می,گردم,که,بتونه,به,خوبی,راهنماییم,کنه,.
O,B-problem,I-problem,O,O,O,O,O,B-experience,O,O,B-moral,O,B-city,O,O,O,O,O,O,O,O,O
یک,پزشک,گوارش,در,شیراز,می,خوام,که,به,جای,دادن,داروهای,موقتی,،,به,درمان,اصلی,مشکل,بپردازه,و,بتونه,به,درد,من,واقعاً,رسیدگی,کنه,.
O,O,B-expertise,O,B-city,O,O,O,O,O,O,O,O,O,O,O,O,O,O,O,O,O,O,O,O,O,O,O
دنبال,یک,دکتر,آقا,با,سابقه,و,ماهر,در,زمینه,رینوپلاستی,در,سمان,هستم,،,اما,کسی,غیر,از,دکتر,ناصری,صدر,،,پیشنهاد,می,دید,؟
O,O,O,B-gender,O,B-experience,O,B-user-score,O,O,B-expertise,O,B-city,O,O,O,O,O,O,O,O,O,O,O,O,O,O
برای,سنگ,کلیه,چندین,دکتر,رفتم,ولی,نتیجه,نگرفتم,،,حالا,دنبال,یک,دکتر,کاربلد,در,اصفهان,می,گردم,که,بتونه,مشکل,رو,حل,کنه,.
O,B-problem,I-problem,O,O,O,O,O,O,O,O,O,O,O,B-user-score,O,B-city,O,O,O,O,O,O,O,O,O
دنبال,یه,دکتر,ارتوپد,خانم,در,رشت,می,گردم,که,در,محدوده,معلم,مطب,داشته,باشه,و,اولین,نوبت,آزادش,سریع,باشه,.
O,O,O,B-expertise,B-gender,O,B-city,O,O,O,O,O,B-neighborhood,O,O,O,O,O,O,O,B-first-available-appointment,O,O
به,یک,متخصص,قلب,با,تجربه,در,کرمان,نیاز,دارم,که,بیمه,تامین,اجتماعی,رو,قبول,کنه,و,اخلاقش,هم,خوب,باشه,.
O,O,O,B-expertise,O,B-experience,O,B-city,O,O,O,O,B-insurance,I-insurance,O,O,O,O,B-moral,O,O,O,O
برای,مشکل,آلرژی,دنبال,یه,دکتر,خوب,در,تبریز,می,گردم,که,هم,وقت,آنلاین,بده,و,هم,مطبش,در,محدوده,ولیعصر,باشه,.
O,O,B-problem,O,O,O,B-user-score,O,B-city,O,O,O,O,O,B-online-or-in-person,O,O,O,O,O,O,B-neighborhood,O,O
یک,متخصص,زنان,در,مشهد,می,خوام,که,هم,تجربه,خوبی,در,زایمان,طبیعی,داشته,باشه,و,هم,بیمه,تکمیلی,قبول,کنه,.
O,O,B-expertise,O,B-city,O,O,O,O,B-experience,O,O,B-problem,I-problem,O,O,O,O,O,B-insurance,O,O,O
دنبال,یک,دکتر,پوست,در,اصفهان,هستم,که,در,درمان,لکه,های,پوستی,تخصص,داشته,باشه,و,هزینه,ویزیتش,هم,منصفانه,باشه,.
O,O,O,B-expertise,O,B-city,O,O,O,O,B-problem,O,I-problem,O,O,O,O,O,O,O,O,O,O
بهترین,دکتر,متخصص,اعصاب,که,تجربه,درمان,میگرن,های,شدید,رو,داشته,باشه,رو,می,شناسید,؟
B-user-score,O,O,B-expertise,O,B-experience,O,B-problem,O,O,O,O,O,O,O,O,O
دنبال,یک,دکتر,ارتوپد,هستم,که,تو,درمان,آسیب,های,ورزشی,تخصص,داشته,باشه,.
O,O,O,B-expertise,O,O,O,O,B-problem,O,I-problem,O,O,O,O
برای,درمان,ریزش,شدید,مو,یک,دکتر,پوست,خوب,و,با,تجربه,در,تهران,می,خواستم,.
O,O,B-problem,O,I-problem,O,O,B-expertise,B-user-score,O,O,B-experience,O,B-city,O,O,O
یک,پزشک,عمومی,با,حوصله,که,برای,چکاپ,کامل,وقت,بذاره,معرفی,می,کنید,؟
O,O,B-expertise,O,B-moral,O,O,B-problem,I-problem,O,O,O,O,O,O
دکتر,زنان,ماهر,که,در,زمینه,درمان,تنبلی,تخمدان,تخصص,داشته,باشه,رو,می,شناسید,؟
O,B-expertise,B-user-score,O,O,O,O,B-problem,I-problem,O,O,O,O,O,O,O
یک,دکتر,کودکان,خوب,که,توی,تشخیص,سریع,و,دقیق,بیماری,های,عفونی,بچه,ها,مهارت,داشته,باشه,می,خوام,.
O,O,B-expertise,B-user-score,O,O,O,O,O,O,B-problem,O,I-problem,O,O,B-user-score,O,O,O,O,O
دنبال,دکتر,دندانپزشکی,هستم,که,تو,عصب,کشی,تخصص,داشته,باشه,و,قیمت,منصفانه,ای,بگیره,.
O,O,B-expertise,O,O,O,B-problem,I-problem,O,O,O,O,O,O,O,O,O
دکتر,غدد,ماهر,که,بتونه,بیماری,دیابت,نوع,۲,رو,مدیریت,کنه,سراغ,دارید,؟
O,B-expertise,B-user-score,O,O,O,B-problem,I-problem,I-problem,O,O,O,O,O,O
به,دنبال,یک,دکتر,تغذیه,هستم,که,در,رژیم,های,کاهش,وزن,تخصص,داشته,باشه,.
O,O,O,O,B-expertise,O,O,O,B-expertise,O,I-expertise,I-expertise,O,O,O,O
یک,دکتر,قلب,خوب,که,در,زمینه,کنترل,فشار,خون,بالا,تجربه,زیادی,داشته,باشه,می,شناسید,؟
O,O,B-expertise,B-user-score,O,O,O,O,B-problem,I-problem,O,B-experience,O,O,O,O,O,O
برای,جراحی,زیبایی,بینی,به,دنبال,یک,دکتر,با,تجربه,و,مطمئن,در,تهران,هستم,،,کی,رو,پیشنهاد,می,دید,؟
O,B-expertise,I-expertise,I-expertise,O,O,O,O,O,B-experience,O,B-user-score,O,B-city,O,O,O,O,O,O,O,O
برای,تنظیم,یک,رژیم,غذایی,سالم,و,پایدار,به,یک,متخصص,تغذیه,ماهر,در,اصفهان,نیاز,دارم,.
O,O,O,B-expertise,I-expertise,O,O,O,O,O,O,B-expertise,B-user-score,O,B-city,O,O,O
یک,دکتر,چشم,پزشک,ماهر,در,تبریز,که,وقت,های,خالی,هم,داشته,باشه,معرفی,می,کنید,؟
O,O,B-expertise,I-expertise,B-user-score,O,B-city,O,B-first-available-appointment,O,o,O,O,O,O,O,O,O
دنبال,یک,دکتر,اطفال,خوب,در,کرج,هستم,که,بچه,ها,رو,خیلی,خوب,معاینه,کنه,و,وقت,بذاره,.
O,O,O,B-expertise,B-user-score,O,B-city,O,O,O,O,O,O,I-user-score,O,O,O,O,O,O
می,خوام,برای,مادرم,یک,دکتر,قلب,معتبر,در,تهران,پیدا,کنم,،,کی,رو,توصیه,می,کنید,؟
O,O,O,O,O,O,B-expertise,B-user-score,O,B-city,O,O,O,O,O,O,O,O,O
به,یک,دکتر,داخلی,خوب,در,شیراز,نیاز,دارم,که,بتونه,مشکلات,گوارشی,ام,رو,تشخیص,بده,و,درمان,کنه,.
O,O,O,B-expertise,B-user-score,O,B-city,O,O,O,O,B-problem,I-problem,O,O,O,O,O,O,O,O
دنبال,یک,دکتر,زنان,ماهر,در,مشهد,هستم,که,تو,زایمان,طبیعی,تجربه,زیادی,داشته,باشه,.
O,O,O,B-expertise,B-user-score,O,B-city,O,O,O,B-expertise,I-expertise,B-experience,O,O,O,O
می,خوام,برای,مشکل,کمردردم,به,یک,دکتر,ارتوپد,با,تجربه,در,رشت,مراجعه,کنم,،,کسی,رو,می,شناسید,؟
O,O,O,O,B-problem,O,O,O,B-expertise,O,B-experience,O,B-city,O,O,O,O,O,O,O,O
یک,دندانپزشک,خوب,در,اصفهان,می,خوام,که,عصب,کشی,رو,بدون,درد,و,با,دقت,انجام,بده,.
O,B-expertise,B-user-score,O,B-city,O,O,O,B-problem,I-problem,O,O,O,O,O,O,O,O,O
برای,بررسی,مشکل,آلرژی,ام,به,دنبال,یک,متخصص,آلرژی,و,ایمونولوژی,خوب,در,تبریز,هستم,،,کی,رو,پیشنهاد,می,دید,؟
O,O,O,B-problem,O,O,O,O,O,B-expertise,O,B-expertise,B-user-score,O,B-city,O,O,O,O,O,O,O,O
دنبال,یک,متخصص,غدد,در,تهران,می,گردم,که,بیمه,تأمین,اجتماعی,رو,قبول,کنه,و,زود,وقت,بده,.
O,O,O,B-expertise,O,B-city,O,O,O,O,B-insurance,I-insurance,O,O,O,O,B-first-available-appointment,O,O,O
یک,دکتر,زنان,با,تجربه,در,کرج,می,خوام,که,مطبش,در,محدوده,فردیس,باشه,و,اخلاقش,خوب,باشه,.
O,O,B-expertise,O,B-experience,O,B-city,O,O,O,O,O,O,B-neighborhood,O,O,B-moral,O,O,O
من,ساکن,شیرازم,و,برای,مشکل,میگرنم,نیاز,به,یک,دکتر,مغز,و,اعصاب,ماهر,دارم,که,معطلی,در,مطبش,کم,باشه,.
O,O,B-city,O,O,O,B-problem,O,O,O,O,B-expertise,O,I-expertise,B-user-score,O,O,B-amount-of-delay,O,O,O,O,O
برای,پدرم,که,مشکل,قلبی,داره,دنبال,یک,دکتر,قلب,در,مشهد,هستم,که,بیمه,ایران,رو,قبول,کنه,و,سابقه,خوبی,داشته,باشه,.
O,O,O,B-problem,I-problem,O,O,O,O,B-expertise,O,B-city,O,O,O,B-insurance,O,O,O,O,B-experience,O,O,O,O
یک,دکتر,گوش,و,حلق,و,بینی,خانم,در,اصفهان,می,خوام,که,توی,محدوده,خیابان,چهارباغ,باشه,و,زودترین,وقت,رو,بده,.
O,O,B-expertise,O,I-expertise,O,I-expertise,B-gender,O,B-city,O,O,O,O,O,B-neighborhood,I-neighborhood,O,O,B-first-available-appointment,O,O,O,O
دنبال,یک,دندانپزشک,در,تبریز,هستم,که,عصب,کشی,بدون,درد,انجام,بده,و,هزینه,هاش,منصفانه,باشه,.
O,O,B-expertise,O,B-city,O,O,B-problem,I-problem,O,O,O,O,O,O,O,O,O,O
نیاز,به,یک,دکتر,عمومی,دارم,که,در,محدوده,ونک,تهران,باشه,و,ویزیت,آنلاین,هم,داشته,باشه,.
O,O,O,O,B-expertise,O,O,O,O,B-neighborhood,B-city,O,O,O,B-online-or-in-person,O,O,O,O
برای,مشکل,آرتروز,مادرم,یک,متخصص,ارتوپد,در,اهواز,می,خوام,که,سابقه,خوبی,در,درمان,این,بیماری,داشته,باشه,.
O,O,B-problem,O,O,O,B-expertise,O,B-city,O,O,O,B-experience,O,O,O,O,O,O,O,O
من,ساکن,رشت,هستم,و,به,یک,دکتر,پوست,خانم,نیاز,دارم,که,در,محدوده,گلسار,باشه,و,بیمه,تکمیلی,قبول,کنه,.
O,O,B-city,O,O,O,O,O,B-expertise,B-gender,O,O,O,O,O,B-neighborhood,O,O,O,B-insurance,O,O,O
برای,معاینه,چشم,در,تبریز,دنبال,یک,چشم,پزشک,ماهر,می,گردم,که,مطبش,در,مرکز,شهر,باشه,و,نوبت,دهی,آنلاینی,داشته,باشه,.
O,B-problem,I-problem,O,B-city,O,O,B-expertise,I-expertise,B-user-score,O,O,O,O,O,B-neighborhood,I-neighborhood,O,O,O,O,B-online-or-in-person,O,O,O
دنبال,یک,متخصص,بیماری,های,داخلی,در,تهران,هستم,که,سرم,درد,و,سرگیجه,ام,رو,بررسی,کنه,و,بیمه,دی,رو,هم,قبول,کنه,.
O,O,O,B-problem,O,I-problem,O,B-city,O,O,B-problem,I-problem,O,B-problem,O,O,O,O,O,O,B-insurance,O,O,O,O,O
من,چشمام,همیشه,اشک,آلود,هست,،,می,خوام,یک,چشم,پزشک,خوب,در,چهارراه,طالقانی,کرج,پیدا,کنم,که,مطبش,هم,نزدیک,باشه,.
O,B-problem,O,I-problem,I-problem,O,O,O,O,O,B-expertise,I-expertise,B-user-score,O,B-neighborhood,I-neighborhood,B-city,O,O,O,O,O,O,O,O
برای,عمل,جراحی,کیسه,صفرا,به,یک,جراح,عمومی,ماهر,در,اردبیل,نیاز,دارم,که,مطبش,به,آزمایشگاه,نزدیک,باشه,.
O,O,B-problem,I-problem,I-problem,O,O,B-expertise,I-expertise,B-user-score,O,B-city,O,O,O,O,O,O,O,O,O
دنبال,یک,دکتر,مغز,و,اعصاب,در,مشهد,هستم,که,برای,ویزیت,حضوری,زودترین,وقت,آزاد,رو,بده,و,هزینه,هاش,هم,مناسب,باشه,.
O,O,O,B-expertise,O,I-expertise,O,B-city,O,O,O,O,B-online-or-in-person,B-first-available-appointment,O,O,O,O,O,O,O,O,O,O,O
برای,مشکل,زانو,درد,مادرم,به,یک,متخصص,ارتوپد,خانم,در,شیراز,نیاز,دارم,که,بیمه,تأمین,اجتماعی,رو,قبول,کنه,.
O,O,B-problem,I-problem,O,O,O,O,B-expertise,B-gender,O,B-city,O,O,O,O,B-insurance,I-insurance,O,O,O,O
دنبال,یک,متخصص,زنان,و,زایمان,در,اصفهان,می,گردم,که,در,محدوده,خیابان,حکیم,نظامی,باشه,و,اخلاق,خوبی,داشته,باشه,.
O,O,O,B-expertise,O,I-expertise,O,B-city,O,O,O,O,O,B-neighborhood,I-neighborhood,I-neighborhood,O,O,B-moral,O,O,O,O
من,اهل,تبریزم,و,دنبال,یک,دکتر,دندانپزشک,هستم,که,برای,پر,کردن,دندان,وقت,آزاد,داشته,باشه,و,خیلی,معطل,نشم,.
O,O,B-city,O,O,O,O,B-expertise,O,O,O,B-problem,I-problem,I-problem,O,B-first-available-appointment,O,O,O,O,B-amount-of-delay,O,O
یک,دکتر,عمومی,خوب,در,اهواز,می,خوام,که,مطبش,نزدیک,به,داروخانه,باشه,و,ویزیت,آنلاین,هم,داشته,باشه,.
O,O,B-expertise,B-user-score,O,B-city,O,O,O,O,O,O,O,O,O,O,B-online-or-in-person,O,O,O,O
برای,درمان,مشکل,پوستی,ام,دنبال,یک,متخصص,پوست,در,رشت,هستم,که,در,محدوده,گلسار,مطب,داشته,باشه,و,بیمه,تکمیلی,قبول,کنه,.
O,O,B-problem,I-problem,O,O,O,O,B-expertise,O,B-city,O,O,O,O,B-neighborhood,O,O,O,O,O,B-insurance,O,O,O
یک,متخصص,قلب,در,تهران,می,خوام,که,مطبش,در,محدوده,ولیعصر,باشه,و,زودترین,وقت,رو,برای,ویزیت,حضوری,بده,.
O,O,B-expertise,O,B-city,O,O,O,O,O,O,B-neighborhood,O,O,B-first-available-appointment,O,O,O,O,B-online-or-in-person,O,O
دنبال,یک,پزشک,متخصص,تیروئید,در,تهران,هستم,که,تجربه,زیادی,در,درمان,مشکلات,هورمونی,داشته,باشه,و,بیمه,تامین,اجتماعی,رو,قبول,کنه,.
O,O,O,O,B-expertise,O,B-city,O,O,B-experience,O,O,O,B-problem,I-problem,O,O,O,O,B-insurance,I-insurance,O,O,O,O
بهترین,دکتر,برای,درمان,درد,کمر,در,سمنان,کیه,؟,ترجیحاً,کسی,که,معطلی,در,مطبش,کم,باشه,.
B-user-score,O,O,O,B-problem,I-problem,O,B-city,O,O,O,O,O,B-amount-of-delay,O,O,O,O,O
من,دل,درد,دارم,،,لطفاً,یک,دکتر,خوب,در,محدوده,وکیل,آباد,مشهد,معرفی,کنید,که,زود,وقت,آزاد,داشته,باشه,.
O,B-problem,I-problem,O,O,O,O,O,B-user-score,O,O,B-neighborhood,I-neighborhood,B-city,O,O,O,B-first-available-appointment,O,O,O,O,O
دنبال,یک,متخصص,قلب,در,شیراز,می,گردم,که,در,درمان,فشار,خون,تجربه,زیادی,داشته,باشه,و,اخلاق,خوبی,هم,داشته,باشه,.
O,O,O,B-expertise,O,B-city,O,O,O,O,O,B-problem,I-problem,B-experience,O,O,O,O,B-moral,o,O,O,O,O
یک,پزشک,فوق,تخصص,گوارش,در,ایلام,می,خوام,که,بیمه,دی,رو,قبول,کنه,و,اولین,نوبت,آزادش,نزدیک,باشه,.
O,O,O,O,B-expertise,O,B-city,O,O,O,O,B-insurance,O,O,O,O,B-first-available-appointment,O,O,O,O,O
برای,درمان,دیسک,کمر,به,یک,دکتر,ارتوپد,خوب,در,کرج,نیاز,دارم,که,مطبش,در,محدوده,عظیمیه,باشه,و,هزینه,هاش,هم,مناسب,باشه,.
O,O,B-problem,I-problem,O,O,O,B-expertise,B-user-score,O,B-city,O,O,O,O,O,O,B-neighborhood,O,O,O,O,O,O,O,O
دنبال,یک,متخصص,زنان,در,اصفهان,هستم,که,در,محدوده,سی,و,سه,پل,مطب,داشته,باشه,و,ویزیت,آنلاین,هم,ارائه,بده,.
O,O,O,B-expertise,O,B-city,O,O,O,O,B-neighborhood,I-neighborhood,I-neighborhood,I-neighborhood,O,O,O,O,O,B-online-or-in-person,O,O,O,O
من,ساکن,تبریزم,و,برای,مشکل,پوستی,به,یک,دکتر,پوست,ماهر,نیاز,دارم,که,در,درمان,اگزما,تجربه,داشته,باشه,.
O,O,B-city,O,O,O,B-problem,O,O,O,B-expertise,B-user-score,O,O,O,O,O,B-problem,B-experience,O,O,O
برای,مادرم,که,دچار,مشکلات,گوارشی,شده,،,دنبال,یک,دکتر,داخلی,خوب,در,اصفهان,هستم,که,بیمه,ایران,قبول,کنه,و,اخلاقش,هم,خوب,باشه,.
O,O,O,O,B-problem,I-problem,O,O,O,O,O,B-expertise,B-user-score,O,B-city,O,O,O,B-insurance,O,O,O,B-moral,O,O,O,O
نیاز,به,یک,دکتر,چشم,پزشک,خانم,در,رشت,دارم,که,نزدیک,به,مرکز,شهر,باشه,و,معطلی,در,مطبش,خیلی,زیاد,نباشه,.
O,O,O,O,B-expertise,I-expertise,B-gender,O,B-city,O,O,O,O,B-neighborhood,I-neighborhood,O,O,B-amount-of-delay,O,O,O,O,O,O
دنبال,یک,ارتوپد,خوب,در,محدوده,وکیل,آباد,مشهد,هستم,که,بتونه,درد,زانوم,رو,درمان,کنه,و,زود,وقت,آزاد,داشته,باشه,.
O,O,B-expertise,B-user-score,O,O,B-neighborhood,I-neighborhood,B-city,O,O,O,B-problem,I-problem,O,O,O,O,B-first-available-appointment,O,O,O,O,O
یه,روانشناس,خوب,در,تهران,که,تو,محدوده,سعادت,آباد,باشه,و,ویزیت,آنلاین,هم,داشته,باشه,معرفی,می,کنی,؟,نیاز,فوری,دارم,.
O,B-expertise,B-user-score,O,B-city,O,O,O,B-neighborhood,I-neighborhood,O,O,O,B-online-or-in-person,O,O,O,O,O,O,O,O,O,O,O
به,یک,ارتوپد,خوب,در,شهرک,غرب,تهران,نیاز,دارم,که,سریع,ترین,وقت,ممکن,رو,بده,و,بیمه,آسیا,رو,قبول,کنه,.
O,O,B-expertise,B-user-score,O,B-neighborhood,I-neighborhood,B-city,O,O,O,B-first-available-appointment,O,O,O,O,O,O,O,B-insurance,O,O,O,O
دنبال,یک,متخصص,بیماری,های,داخلی,در,اصفهان,می,گردم,که,کاربلد,باشه,و,بیمه,دی,رو,هم,قبول,کنه,.
O,O,O,B-expertise,O,I-expertise,O,B-city,O,O,O,B-moral,O,O,O,B-insurance,O,O,O,O,O
یک,دکتر,آقا,با,تجربه,و,ماهر,در,زمینه,رینوپلاستی,در,مشهد,می,خوام,،,اما,نه,دکتر,ناصری,صدر,،,کسی,دیگه,پیشنهاد,می,دید,؟
O,O,B-gender,O,B-experience,O,B-user-score,O,O,B-expertise,O,B-city,O,O,O,O,O,O,O,O,O,O,O,O,O,O,O
برای,مشکل,معده,درد,دنبال,یک,دکتر,فوق,تخصص,گوارش,در,شیراز,هستم,که,اخلاق,خوبی,داشته,باشه,و,مطبش,هم,در,مرکز,شهر,باشه,.
O,O,B-problem,I-problem,O,O,O,O,O,B-expertise,O,B-city,O,O,B-moral,O,O,O,O,O,O,O,B-neighborhood,I-neighborhood,O,O
دنبال,یک,متخصص,زنان,و,زایمان,در,تبریز,هستم,که,در,محدوده,ولیعصر,باشه,و,نوبت,دهی,سریع,داشته,باشه,.
O,O,O,B-expertise,O,I-expertise,O,B-city,O,O,O,O,B-neighborhood,O,O,O,O,B-first-available-appointment,O,O,O
یک,دکتر,دندانپزشک,خوب,در,اهواز,می,خوام,که,تو,کار,عصب,کشی,مهارت,داشته,باشه,و,هزینه,هاش,هم,مناسب,باشه,.
O,O,B-expertise,B-user-score,O,B-city,O,O,O,O,O,B-problem,I-problem,B-user-score,O,O,O,O,O,O,O,O,O
نیاز,به,یک,دکتر,پوست,خانم,در,اصفهان,دارم,که,در,درمان,جوش,های,مقاوم,تخصص,داشته,باشه,و,بیمه,ایران,رو,قبول,کنه,.
O,O,O,O,B-expertise,B-gender,O,B-city,O,O,O,O,B-problem,O,I-problem,O,O,O,O,O,B-insurance,O,O,O,O
دنبال,یک,دکتر,قلب,خوب,در,کرج,هستم,که,مطبش,در,محدوده,عظیمیه,باشه,و,اولین,نوبت,آزاد,رو,زود,بده,.
O,O,O,B-expertise,B-user-score,O,B-city,O,O,O,O,O,B-neighborhood,O,O,B-first-available-appointment,O,O,O,O,O,O
برای,سنگ,کلیه,چندین,دکتر,رفتم,ولی,نتیجه,نگرفتم,،,دنبال,یک,دکتر,کاربلد,در,تهران,می,گردم,که,واقعاً,متخصص,باشه,.
O,B-problem,I-problem,O,O,O,O,O,O,O,O,O,O,B-user-score,O,B-city,O,O,O,O,O,O,O
پزشک,خوب,گوارش,در,کرج,رو,می,شناسید,؟,کسی,که,هم,تخصص,بالایی,داشته,باشه,و,هم,اخلاقش,خوب,باشه,.
O,B-user-score,B-expertise,O,B-city,O,O,O,O,O,O,O,O,O,O,O,O,O,B-moral,O,O,O
من,اخیراً,دچار,بی,خوابی,شدم,،,می,تونید,راهنماییم,کنید,که,به,چه,دکتری,در,مشهد,مراجعه,کنم,؟
O,O,O,B-problem,I-problem,O,O,O,O,O,O,O,O,O,O,O,B-city,O,O,O
یک,پزشک,فوق,تخصص,گوارش,در,ایلام,معرفی,کنید,که,بیمه,تأمین,اجتماعی,رو,قبول,کنه,و,اولین,نوبتش,زود,باشه,.
O,O,O,O,B-expertise,O,B-city,O,O,O,O,B-insurance,I-insurance,O,O,O,O,B-first-available-appointment,O,O,O,O
دنبال,یک,جراح,عمومی,در,شیراز,هستم,که,زیرمیزی,نگیره,و,تجربه,خوبی,در,جراحی,های,پیچیده,داشته,باشه,.
O,O,B-expertise,I-expertise,O,B-city,O,O,O,O,O,B-experience,O,O,O,O,O,O,O,O
یک,متخصص,ارتوپد,در,تهران,می,خوام,که,مطبش,در,محدوده,پاسداران,باشه,و,کمترین,میزان,معطلی,رو,داشته,باشه,.,برای,درمان,اضطراب,دنبال,یک,روانپزشک,خوب,در,اصفهان,هستم,که,ویزیت,آنلاین,هم,داشته,باشه,و,بتونم,زود,نوبت,بگیرم,.
O,O,B-expertise,O,B-city,O,O,O,O,O,O,B-neighborhood,O,O,B-amount-of-delay,O,I-amount-of-delay,O,O,O,O,O,O,B-problem,O,O,B-expertise,B-user-score,O,B-city,O,O,O,B-online-or-in-person,O,O,O,O,O,B-first-available-appointment,O,O,O
به,یک,دکتر,متخصص,پوست,خانم,در,مشهد,نیاز,دارم,که,تجربه,زیادی,در,درمان,لک,های,پوستی,داشته,باشه,و,بیمه,ایران,قبول,کنه,.
O,O,O,O,B-expertise,B-gender,O,B-city,O,O,O,B-experience,O,O,O,B-problem,O,I-problem,O,O,O,O,I-insurance,O,O,O
دنبال,یک,دکتر,قلب,در,تبریز,هستم,که,مطبش,در,محدوده,ولیعصر,باشه,و,اولین,نوبت,آزاد,رو,سریع,بده,.
O,O,O,B-expertise,O,B-city,O,O,O,O,O,B-neighborhood,O,O,B-first-available-appointment,O,O,O,O,O,O
برای,مادرم,که,مشکل,دیابت,داره,،,دنبال,یک,دکتر,غدد,در,اهواز,می,گردم,که,اخلاق,خوبی,داشته,باشه,و,هزینه,هاش,هم,مناسب,باشه,.
O,O,O,O,B-problem,O,O,O,O,O,B-expertise,O,B-city,O,O,O,B-moral,O,O,O,O,O,O,O,O,O,O
برای,مشکل,تیروئیدم,دنبال,یه,متخصص,غدد,در,تهران,هستم,که,مطبش,در,محله,ای,باشه,که,ترافیک,زیادی,نداشته,باشه,.
O,O,B-problem,O,O,O,B-expertise,O,B-city,O,O,O,O,O,O,O,O,O,O,O,O,O
برای,کنترل,فشار,خون,بالا,،,یک,دکتر,خوب,در,اصفهان,معرفی,می,کنید,که,بیمه,تأمین,اجتماعی,رو,قبول,کنه,؟
O,O,B-problem,I-problem,O,O,O,O,B-user-score,O,B-city,O,O,O,O,O,B-insurance,I-insurance,O,O,O,O
دنبال,یه,متخصص,بیماری,های,داخلی,در,تبریز,هستم,که,کاربلد,باشه,و,بیمه,دی,رو,قبول,کنه,،,نوبت,آزاد,هم,سریع,بده,.
O,O,O,B-expertise,O,I-expertise,O,B-city,O,O,B-user-score,O,O,O,B-insurance,O,O,O,O,O,O,O,B-first-available-appointment,O,O
یک,دکتر,باتجربه,متخصص,کودکان,در,کرمان,می,خوام,که,معطلی,در,مطبش,کم,باشه,و,اخلاق,خوبی,داشته,باشه,.
O,O,B-experience,O,B-expertise,O,B-city,O,O,O,B-amount-of-delay,O,O,O,O,O,B-moral,O,O,O,O
نیاز,به,یک,متخصص,کلیه,در,مشهد,دارم,که,سریع,وقت,بده,و,مطبش,در,مرکز,شهر,باشه,.
O,O,O,O,B-expertise,O,B-city,O,O,B-first-available-appointment,O,O,O,O,O,B-neighborhood,I-neighborhood,O,O
برای,مشکل,کم,خوابی,،,دنبال,یک,روانپزشک,خوب,در,شیراز,هستم,که,ویزیت,آنلاین,هم,داشته,باشه,و,تجربه,زیادی,داشته,باشه,.
O,O,B-problem,I-problem,O,O,O,B-expertise,B-user-score,O,B-city,O,O,O,B-online-or-in-person,O,O,O,O,B-experience,O,O,O,O
یک,متخصص,ارتوپد,در,اهواز,می,خوام,که,مطبش,در,محدوده,کیانپارس,باشه,و,هزینه,هاش,هم,منصفانه,باشه,.
O,O,B-expertise,O,B-city,O,O,O,O,O,O,B-neighborhood,O,O,O,O,O,O,O,O
برای,معاینه,چشم,دنبال,یه,چشم,پزشک,خوب,در,ساری,هستم,که,اولین,نوبت,آزاد,رو,سریع,بده,و,بیمه,سلامت,قبول,کنه,.
O,B-problem,I-problem,O,O,B-expertise,I-expertise,B-user-score,O,B-city,O,O,O,O,O,O,B-first-available-appointment,O,O,O,B-insurance,O,O,O
یک,متخصص,زنان,و,زایمان,در,رشت,معرفی,کنید,که,مطبش,نزدیک,بیمارستان,باشه,و,اخلاق,خوبی,داشته,باشه,.
O,O,B-expertise,O,I-expertise,O,B-city,O,O,O,O,O,O,O,O,B-moral,O,O,O,O
برای,درمان,معده,درد,یک,فوق,تخصص,گوارش,در,مشهد,هستم,که,بیمه,تکمیلی,قبول,کنه,و,زودترین,وقت,رو,بده,.
O,O,B-problem,I-problem,O,O,O,B-expertise,O,B-city,O,O,O,B-insurance,O,O,O,B-first-available-appointment,O,O,O,O
دنبال,یک,دکتر,متخصص,اعصاب,با,حوصله,در,آستانه,می,گردم,که,بتونه,به,خوبی,به,حرف,هام,گوش,بده,و,مشکل,رو,تشخیص,بده,.
O,O,O,O,B-expertise,O,B-moral,O,B-city,O,O,O,O,O,O,O,O,O,O,O,O,O,O,O,O,O
من,آزمایش,خون,دادم,و,دنبال,یک,دکتر,در,محدوده,خیابان,دانشجو,مشهد,هستم,که,نتایج,رو,بررسی,کنه,و,هزینه,کمی,دریافت,کنه,.
O,B-problem,I-problem,O,O,O,O,O,O,O,B-neighborhood,I-neighborhood,B-city,O,O,O,O,O,O,O,O,O,O,O,O
یه,پزشک,ارتوپد,خوب,در,کوهسنگی,یزد,می,خوام,که,تجربه,بالایی,در,درمان,دردهای,مفصلی,داشته,باشه,.
O,O,B-expertise,B-user-score,O,B-neighborhood,B-city,O,O,O,B-experience,O,O,O,B-problem,I-problem,O,O,O
سرم,درد,می,کنه,و,سرگیجه,دارم,،,می,خوام,پیش,یک,دکتر,خوب,در,تهران,برم,که,هزینه,ویزیتش,کم,باشه,.
B-problem,I-problem,O,O,O,B-problem,O,O,O,O,O,O,O,B-user-score,O,B-city,O,O,O,O,O,O,O
یک,پزشک,فوق,تخصص,گوارش,در,ایلام,معرفی,کنید,که,بیمه,تأمین,اجتماعی,رو,قبول,کنه,و,اولین,نوبت,آزادش,زود,باشه,.
O,O,O,O,B-expertise,O,B-city,O,O,O,O,B-insurance,I-insurance,O,O,O,O,O,O,O,B-first-available-appointment,O,O
دنبال,یک,دکتر,زنان,و,زایمان,در,اصفهان,می,گردم,که,در,محدوده,میدان,نقش,جهان,مطب,داشته,باشه,و,معطلی,در,مطبش,کم,باشه,.
O,O,O,B-expertise,O,I-expertise,O,B-city,O,O,O,O,O,B-neighborhood,I-neighborhood,I-neighborhood,O,O,O,O,B-amount-of-delay,O,O,O,O,O
برای,زخم,معده,به,یک,دکتر,متخصص,در,تهران,نیاز,دارم,که,ویزیت,آنلاین,داشته,باشه,و,بیمه,تکمیلی,رو,قبول,کنه,.
O,B-problem,I-problem,O,O,O,B-expertise,O,B-city,O,O,O,O,B-online-or-in-person,O,O,O,O,B-insurance,O,O,O,O
دنبال,یک,دندانپزشک,با,تجربه,در,شیراز,هستم,که,بتونه,بدون,درد,عصب,کشی,انجام,بده,و,هزینه,های,مناسبی,داشته,باشه,.
O,O,B-expertise,O,B-experience,O,B-city,O,O,O,O,O,B-problem,I-problem,O,O,O,O,O,O,O,O,O
من,ساکن,تبریزم,و,به,دنبال,یک,دکتر,پوست,خانم,هستم,که,در,درمان,جوش,های,مقاوم,تخصص,داشته,باشه,و,مطبش,نزدیک,مرکز,شهر,باشه,.
O,O,B-city,O,O,O,O,O,B-expertise,B-gender,O,O,O,O,B-problem,O,I-problem,O,O,O,O,O,O,B-neighborhood,I-neighborhood,O,O
برای,مادرم,که,فشار,خون,داره,،,دنبال,یک,متخصص,قلب,در,کرج,هستم,که,اخلاق,خوبی,داشته,باشه,و,مطبش,در,محدوده,گلشهر,باشه,.
O,O,O,B-problem,I-problem,O,O,O,O,O,I-expertise,O,B-city,O,O,B-moral,O,O,O,O,O,O,O,I-neighborhood,O,O
برای,ریزش,موی,شدیدم,دنبال,یک,دکتر,با,تجربه,و,خوش,اخلاق,در,تهران,می,گردم,که,بتونه,به,خوبی,راهنماییم,کنه,.
O,B-problem,I-problem,O,O,O,O,O,B-experience,O,O,B-moral,O,B-city,O,O,O,O,O,O,O,O,O
یه,دکتر,می,خوام,که,بدون,سهمیه,تخصص,گرفته,باشه,،,به,زبان,انگلیسی,هم,مسلط,باشه,و,بتونه,در,مورد,مشکل,من,بهتر,توضیح,بده,.
O,O,O,O,O,O,O,O,O,O,O,O,O,O,O,O,O,O,O,O,O,O,O,O,O,O,O
یک,پزشک,گوارش,در,شیراز,می,خوام,که,به,جای,دادن,داروهای,موقتی,،,به,درمان,اصلی,مشکل,بپردازه,و,بتونه,به,درد,من,واقعاً,رسیدگی,کنه,.
O,O,B-expertise,O,B-city,O,O,O,O,O,O,O,O,O,O,O,O,O,O,O,O,O,O,O,O,O,O,O
دنبال,یک,دکتر,آقا,با,سابقه,و,ماهر,در,زمینه,رینوپلاستی,در,مشهد,هستم,پیشنهاد,می,دید,؟
O,O,O,B-gender,O,B-experience,O,B-user-score,O,O,B-expertise,O,B-city,O,O,O,O,O
برای,سنگ,کلیه,چندین,دکتر,رفتم,ولی,نتیجه,نگرفتم,،,حالا,دنبال,یک,دکتر,کاربلد,در,اصفهان,می,گردم,که,بتونه,مشکل,رو,حل,کنه,.
O,B-problem,I-problem,O,O,O,O,O,O,O,O,O,O,O,B-user-score,O,B-city,O,O,O,O,O,O,O,O,O
دنبال,یه,دکتر,ارتوپد,خانم,در,رشت,می,گردم,که,در,محدوده,معلم,مطب,داشته,باشه,و,اولین,نوبت,آزادش,سریع,باشه,.
O,O,O,B-expertise,B-gender,O,B-city,O,O,O,O,O,B-neighborhood,O,O,O,O,O,O,O,B-first-available-appointment,O,O
